store,address,phone,address2
학동역 DT점,서울시 강남구 학동로 211 1층  ,02-3444-9973,서울특별시 강남구 학동로 211 1층
수서점,서울시 강남구 광평로 280 수서동 724호  ,02-3412-2326,서울특별시 강남구 광평로 280 수서동 724호
차병원점,서울시 강남구 논현로 566 강남차병원1층  ,02-538-7615,서울특별시 강남구 논현로 566 강남차병원1층
강남대로점,서울시 서초구 강남대로 369 1층  ,02-588-5778,서울특별시 서초구 강남대로 369 1층
메가박스점,서울 강남구 삼성동 159 코엑스몰 지하2층  ,02-6002-3320,서울특별시 강남구 삼성동 159 코엑스몰 지하2층
압구정에스점,서울시 강남구 압구정로 46길 3  ,02-541-5832,서울특별시 강남구 압구정로 46길 3
강남에스점,서울시 서초구 서초 1306-3호  ,02-593-5095,서울특별시 서초구 서초 1306-3호
청담에스점,"서울시 강남구 압구정로 461 네이처포엠빌딩B108,109호  ",02-548-6052,"서울특별시 강남구 압구정로 461 네이처포엠빌딩B108,109호"
신사점,서울시 강남구 도산대로 126  ,02-548-2741,서울특별시 강남구 도산대로 126
압구정역점,서울시 강남구 논현로 842 압구정빌딩1층  ,02-544-6823,서울특별시 강남구 논현로 842 압구정빌딩1층
역삼점,"서울시 강남구 논현로 512  지상1,2층  ",02-569-8051,"서울특별시 강남구 논현로 512 지상1,2층"
양재스포타임점,서울시 서초구 강남대로 213 24호 지하1층  ,02-578-6833,서울특별시 서초구 강남대로 213 24호 지하1층
청담성당점,서울시 강남구 삼성로 716 LEE76빌딩2층  ,02-542-2053,서울특별시 강남구 삼성로 716 LEE76빌딩2층
영동점,서울 서초구 반포동 736-17 P빌딩 2층  ,02-3443-2096,서울특별시 서초구 반포동 736-17 P빌딩 2층
도곡점,"서울시 강남구 언주로 30길 10,112 현대비젼21 112호  ",02-572-2781,"서울특별시 강남구 언주로 30길 10,112 현대비젼21 112호"
영동고앞점,"서울시 강남구 선릉로 749 1,2층  ",02-544-3794,"서울특별시 강남구 선릉로 749 1,2층"
공항터미널앞점,서울시 강남구 테헤란로 87길 17 1층  ,02-539-5174,서울특별시 강남구 테헤란로 87길 17 1층
교대점,서울시 서초구 서초중앙로 118  1층  ,02-585-3981,서울특별시 서초구 서초중앙로 118 1층
대치한티점,서울시 강남구 선릉로 64길 23 1층  ,02-557-0510,서울특별시 강남구 선릉로 64길 23 1층
압구정시티점,"서울시 강남구 도산대로49길 13 1층 17,18호  ",02-543-5922,"서울특별시 강남구 도산대로49길 13 1층 17,18호"
압구정로데오점,서울시 강남구 선릉로 157길 12 석전빌딩 1~4층  ,02-3445-5093,서울특별시 강남구 선릉로 157길 12 석전빌딩 1~4층
서초우성점,서울시 서초구 강남대로 51길 1 511 TOWER  1층  ,02-582-0158,서울특별시 서초구 강남대로 51길 1 511 TOWER 1층
논현팍스타워점,서울시 강남구 논현 231-13호 팍스타워지하1층  ,02-513-3870,서울특별시 강남구 논현 231-13호 팍스타워지하1층
삼성오크우드점,서울 강남구 영동대로 513 컨벤션별관A동 지하 2층  ,02-3466-8507,서울특별시 강남구 영동대로 513 컨벤션별관A동 지하 2층
트레이드타워점,서울시 강남구 영동대로 511 트레이드타워 지하1층  ,02-6002-6470,서울특별시 강남구 영동대로 511 트레이드타워 지하1층
삼성봉은사거리점,"서울시 강남구 영동대로 607 12번지 1,2층  ",02-3443-5618,"서울특별시 강남구 영동대로 607 12번지 1,2층"
대치포스코뒷점,서울시 강남구 삼성로 85길 11 롯데캐슬아파트생활편익시설동  ,02-3453-8077,서울특별시 강남구 삼성로 85길 11 롯데캐슬아파트생활편익시설동
반포엘루체점,서울시 서초구 신반포로 23 1141호 엘루체백화점내1층1013~1015호  ,02-3477-5571,서울특별시 서초구 신반포로 23 1141호 엘루체백화점내1층1013~1015호
잠실신천점,서울시 송파구 석촌호수로 118 1층  ,02-416-9520,서울특별시 송파구 석촌호수로 118 1층
서초지파이브점,"서울시 서초구 서초동 1685-8호 101~2호,113~4호,121호  ",02-3477-5580,"서울특별시 서초구 서초동 1685-8호 101~2호,113~4호,121호"
논현동수면센터점,서울시 강남구 논현로 717 1층  ,02-3443-5575,서울특별시 강남구 논현로 717 1층
삼성전자강남사옥점,서울시 서초구 서초대로74길 11 지하2층  ,02-2055-1142,서울특별시 서초구 서초대로74길 11 지하2층
삼성생명강남사옥점,서울시 서초구 서초대로74길 4 삼성생명보험서초타워내지하1층  ,02-581-5562,서울특별시 서초구 서초대로74길 4 삼성생명보험서초타워내지하1층
방배카페골목점,서울특별시 서초구 방배중앙로 187  ,02-592-7794,서울특별시 서초구 방배중앙로 187
역삼포스틸타워뒷점,서울시 강남구 테헤란로 20길 10 쓰리엠타워1층  ,02-554-9962,서울특별시 강남구 테헤란로 20길 10 쓰리엠타워1층
테헤란로하이닉스뒷점,서울시 강남구 테헤란로 70길 12 1층  ,02-538-9927,서울특별시 강남구 테헤란로 70길 12 1층
방배역점,"서울시 서초구 효령로 117  3,4층  ",02-521-4562,"서울특별시 서초구 효령로 117 3,4층"
삼성봉은사로점,서울시 강남구 봉은사로 628 엘슨빌딩1층  ,02-538-4523,서울특별시 강남구 봉은사로 628 엘슨빌딩1층
방이점,서울시 송파구 오금로 11길 7  ,02-415-5561,서울특별시 송파구 오금로 11길 7
매봉역점,서울시 강남구 논현로 38길 42 418호  ,02-529-9947,서울특별시 강남구 논현로 38길 42 418호
남부터미널역점,서울시 서초구 서초중앙로 43 로얄타워1층  ,02-523-3671,서울특별시 서초구 서초중앙로 43 로얄타워1층
강남역랭기지타워점,서울시 강남구 테헤란로4길 28 826-28호 1층  ,02-563-3655,서울특별시 강남구 테헤란로4길 28 826-28호 1층
도심공항타워점,서울시 강남구 테헤란로87길 36 공항타워 1층  ,02-2016-5330,서울특별시 강남구 테헤란로87길 36 공항타워 1층
청담카페점,"서울시 강남구 도산대로 67길 7,파크빌딩 1층  ",02-514-5622,"서울특별시 강남구 도산대로 67길 7,파크빌딩 1층"
동부이촌동점,서울시 용산구 이촌로 303 현대아파트상가11동102호  ,02-792-3677,서울특별시 용산구 이촌로 303 현대아파트상가11동102호
광화문점,서울 종로구 서린동 136 센트리얼빌딩 1층  ,02-3210-2326,서울특별시 종로구 서린동 136 센트리얼빌딩 1층
대학로점,서울시 종로구 대학로 10길 5 1-60호  ,02-762-3146,서울특별시 종로구 대학로 10길 5 1-60호
경희궁의아침점,서울시 종로구 새문안로3길 23 경희궁아침상가4단지105외  ,02-730-8896,서울특별시 종로구 새문안로3길 23 경희궁아침상가4단지105외
홍대역점,서울시 마포구 홍익로 6길 26  ,02-333-4278,서울특별시 마포구 홍익로 6길 26
순화점,서울시 중구 순화202  1-94 프레이저플레이스레지던스1층  ,02-2220-8198,서울특별시 중구 순화202 1-94 프레이저플레이스레지던스1층
종로관철동점,"서울시 종로구 청계천로 83 11-4호 지하1,지상1~3층  ",02-738-5333,"서울특별시 종로구 청계천로 83 11-4호 지하1,지상1~3층"
소공동삼화빌딩점,서울 중구 남대문로7길 16 한컴빌딩 1층  ,02-753-8004,서울특별시 중구 남대문로7길 16 한컴빌딩 1층
강변테크노마트점,서울시 광진구 광나루로56길 85 테크노마트9층35호  ,02-3424-5480,서울특별시 광진구 광나루로56길 85 테크노마트9층35호
외대앞점,서울시 동대문구 이문로 106 1~3층  ,02-959-7750,서울특별시 동대문구 이문로 106 1~3층
고대안암역점,서울시 성북구 개운사길8 101-3 1층  ,02-953-6652,서울특별시 성북구 개운사길8 101-3 1층
순화동라마다호텔점,서울시 중구 칠패로 27 151호  ,02-3789-3347,서울특별시 중구 칠패로 27 151호
왕십리민자역사점,서울시 성동구 왕십리 광장로 17 왕십리민자역사ENTER6내1층  ,02-2200-6120,서울특별시 성동구 왕십리 광장로 17 왕십리민자역사ENTER6내1층
신촌역앞점,"서울시 서대문구 신촌역로 20  27-27,16,65,61호  ",02-312-5568,"서울특별시 서대문구 신촌역로 20 27-27,16,65,61호"
세종문화회관옆점,서울 종로구 새문안로 9길 25 1층  ,02-720-5561,서울특별시 종로구 새문안로 9길 25 1층
신촌점,서울시 서대문구 창천 18-26호 B1  ,02-363-5572,서울특별시 서대문구 창천 18-26호 B1
건대스타시티점,서울시 광진구 자양동 227-342호 롯데백화점 옆 더클래식500건물 1층  ,02-444-9861,서울특별시 광진구 자양동 227-342호 롯데백화점 옆 더클래식500건물 1층
하나은행경복궁역점,"서울시 종로구 사직로 130,1 현대적선빌딩1층  ",02-733-5108,"서울특별시 종로구 사직로 130,1 현대적선빌딩1층"
중계동은행사거리점,서울시 노원구 한글비석로 263 1층  ,02-931-3055,서울특별시 노원구 한글비석로 263 1층
서울스퀘어점,서울시 중구 한강대로 416 지하1층  ,02-6456-8907,서울특별시 중구 한강대로 416 지하1층
목동점,서울시 양천구 목동동로 293 현대41타워1층  ,02-2654-5981,서울특별시 양천구 목동동로 293 현대41타워1층
여의도34번지점,서울 영등포구 국제금융로 52 심팩빌딩 1층  ,02-783-2043,서울특별시 영등포구 국제금융로 52 심팩빌딩 1층
여의도교보증권점,서울시 영등포구 의사당대로 97 26-4 교보증권빌딩1층  ,02-783-6058,서울특별시 영등포구 의사당대로 97 26-4 교보증권빌딩1층
시흥홈플러스점,서울시 금천구 시흥대로 201 1층  ,02-803-9994,서울특별시 금천구 시흥대로 201 1층
여의도순복음교회옆점,서울시 영등포구 여의서로 43 한서리버파크2층  ,02-780-7758,서울특별시 영등포구 여의서로 43 한서리버파크2층
부산광복동점,부산광역시 중구 창선동 2가 8-2  ,051-243-9105,부산광역시 중구 창선동 2가 8-2
인천구월동점,"인천광역시 남동구 예술로 138 지상1,2층  ",032-421-3418,"인천광역시 남동구 예술로 138 지상1,2층"
대전탄방동점,대전시 서구 문정로76 1층  ,042-471-9805,대전광역시 서구 문정로76 1층
일산라페스타점,경기도 고양시 일산동구 장항동 764 라페스타C동  ,031-907-2326,경기도 고양시 일산동구 장항동 764 라페스타C동
일산웨스턴돔1호점,경기도 고양시 일산동구 정발산로 24 I동103~203호  ,031-931-5573,경기도 고양시 일산동구 정발산로 24 I동103~203호
분당서현점,"경기도 성남시 분당구 분당로53번길 11 1층2,3호  ",031-705-8926,"경기도 성남시 분당구 분당로53번길 11 1층2,3호"
분당플라자점,경기도 성남시 분당구 황새울로 326 서현빌딩상가내2층  ,031-705-3188,경기도 성남시 분당구 황새울로 326 서현빌딩상가내2층
분당차병원점,경기도 성남시 분당구 야탑동354 분당차병원신관1층분당차1호  ,031-781-0471,경기도 성남시 분당구 야탑동354 분당차병원신관1층분당차1호
분당수내점,경기도 성남시 분당구 황새울로 214번길8 MSPlaza내1층  ,031-713-9937,경기도 성남시 분당구 황새울로 214번길8 MSPlaza내1층
동탄라마다호텔점,경기도 화성시 노작로 199 동탄라마다호텔107호~111호  ,031-8003-8374,경기도 화성시 노작로 199 동탄라마다호텔107호~111호
일산킨텍스현대백화점점,경기도 고양시 일산서구 대화동 2602 현대백화점킨텍스점 5F  ,031-822-3575,경기도 고양시 일산서구 대화동 2602 현대백화점킨텍스점 5F
창원상남동점,경남 창원시 성산구 중앙대로 104 마이우스오피스텔 123호 207호  ,055-211-0737,경상남도 창원시 성산구 중앙대로 104 마이우스오피스텔 123호 207호
청주점,충북 청주시 상당구 상당로69번길20 2~4층  ,043-221-2373,충청북도 청주시 상당구 상당로69번길20 2~4층
고대세종캠퍼스점,세종특별자치시 세종로 2511 고대세종캠퍼스호연학사4관1층  ,044-862-5144,세종특별자치시 세종로 2511 고대세종캠퍼스호연학사4관1층
청주지웰시티점,"충북 청주시 흥덕구 대농로 17 지웰시티몰 1층 124-1,125,126호  ",043-238-3151,"충청북도 청주시 흥덕구 대농로 17 지웰시티몰 1층 124-1,125,126호"
무교CBTL점,서울 중구 세종대로 136 파이낸스빌딩  ,070-4140-7003,서울특별시 중구 세종대로 136 파이낸스빌딩
국기원사거리점,서울시 강남구 테헤란로 8길 42 1층  ,02-552-7106 ,서울특별시 강남구 테헤란로 8길 42 1층
무교점,"서울시 중구 태평로1 84호 SFC빌딩B1,1-4  ",02-753-2374,"서울특별시 중구 태평로1 84호 SFC빌딩B1,1-4"
남대문점,서울시 중구 후암로110 581호 서울시티타워1층  ,02-777-4217,서울특별시 중구 후암로110 581호 서울시티타워1층
올림픽플라자,서울시 송파구 양재대로 1222 올림픽선수A 1층212~3호  ,02-402-3571,서울특별시 송파구 양재대로 1222 올림픽선수A 1층212~3호
대학로마로니에점,"서울시 종로구 대학로 12길 62 지하1층,지상1,2층  ",02-742-3318,"서울특별시 종로구 대학로 12길 62 지하1층,지상1,2층"
여의도역점,서울시 영등포구 의사당대로 108 아일렉스상가 1층 101호  ,02-784-5531,서울특별시 영등포구 의사당대로 108 아일렉스상가 1층 101호
인사점,서울시 종로구 낙원동 272 오라카이스위츠 1층  ,02-6262-8100,서울특별시 종로구 낙원동 272 오라카이스위츠 1층
테헤란로비젼타워점,서울시 강남구 테헤란로 312 707-2번지1층  ,02-558-7101,서울특별시 강남구 테헤란로 312 707-2번지1층
서울대입구역점,"서울시 관악구 관악로 161 층일부 2,3층  ",02-882-3101,"서울특별시 관악구 관악로 161 층일부 2,3층"
코엑스인터점,서울시 강남구 봉은사로 524 코엑스 인터컨티넨탈아케이드  ,02-569-3103,서울특별시 강남구 봉은사로 524 코엑스 인터컨티넨탈아케이드
수유역점,서울시 강북구 도봉로 352 효성네오인텔리안 101호  ,02-906-5571,서울특별시 강북구 도봉로 352 효성네오인텔리안 101호
뉴압구정점,서울시 강남구 논현로 167길 9 낙산프라자 1층  ,02-545-3181,서울특별시 강남구 논현로 167길 9 낙산프라자 1층
디큐브시티점,서울시 구로구 경인로 662 디큐브시티 4층  ,02-2210-9484,서울특별시 구로구 경인로 662 디큐브시티 4층
삼청동점,서울시 종로구 삼청로 109  ,02-730-5177,서울특별시 종로구 삼청로 109
충무로극동빌딩점,서울시 중구 퇴계로 173 남산스퀘어 1층  ,02-2273-3181,서울특별시 중구 퇴계로 173 남산스퀘어 1층
